{"cameraMode":{"drawMode":0,"name":"Shaded","section":"Shading Mode"},"sceneLighting":true,"audioPlay":false,"sceneViewState":{"m_AlwaysRefresh":false,"showFog":true,"showSkybox":true,"showFlares":true,"showImageEffects":true,"showParticleSystems":true,"showVisualEffectGraphs":true,"m_FxEnabled":true},"in2DMode":false,"pivot":{"x":-5.509749412536621,"y":0.027533840388059617,"z":36.847747802734378},"rotation":{"x":-0.017047567293047906,"y":0.08597322553396225,"z":-0.001448469702154398,"w":-0.9961225986480713},"size":20.703880310058595,"orthographic":false}