{"cameraMode":{"drawMode":0,"name":"Shaded","section":"Shading Mode"},"sceneLighting":true,"audioPlay":false,"sceneViewState":{"m_AlwaysRefresh":false,"showFog":true,"showSkybox":true,"showFlares":true,"showImageEffects":true,"showParticleSystems":true,"showVisualEffectGraphs":true,"m_FxEnabled":true},"in2DMode":false,"pivot":{"x":70.73295593261719,"y":3.664177656173706,"z":0.42914652824401858},"rotation":{"x":-0.09794633090496063,"y":-0.006868656724691391,"z":0.0007292540976777673,"w":-0.9951292872428894},"size":7.775294303894043,"orthographic":false}